{"graph": {"_type": "graph-file", "path": "media/graph/graph_summary_7694afe8.graph.json", "sha256": "7694afe8537787f5c5a629a78fdfcc108dba80c5a11a6f66920ffa838d0f9b79", "size": 2419}, "loss": 0.0406527721228216, "epoch": 23, "_step": 23, "acc": 0.9840746519880162, "_timestamp": 1585972519.4601889, "val_loss": 0.7133831692235496, "val_acc": 0.9276967566391384, "_runtime": 186.56591176986694, "best_val_loss": 0.4198366602447802, "best_epoch": 2}
